{"type":"record","name":"ConnectDefault","namespace":"io.confluent.connect.avro","fields":[{"name":"id","type":"string"},{"name":"TIMESTAMP","type":"long"},{"name":"DATE","type":"string"},{"name":"HOUR","type":"string"},{"name":"LOC_COD","type":"int"},{"name":"MOVEMENT_TYPE","type":"string"},{"name":"SLS_AMT_CURR","type":"double"},{"name":"SLS_AMT_FXRATE","type":"double"},{"name":"NUM_TICKETS","type":"int"},{"name":"SLS_QTY","type":"int"},{"name":"DATASOURCE","type":"string"},{"name":"NR_VISITS","type":"int"}]}