{"type":"record","name":"Sale","namespace":"VO","fields":[{"name":"Id","type":"string"},{"name":"OriginId","type":"string"},{"name":"OriginName","type":"string"},{"name":"TransactionDate","type":"long"},{"name":"TransactionType","type":{"type":"enum","name":"TransactionType","symbols":["SALE","RETURN","VOIDSALE","VOIDRETURN","UNKNOWN"]},"default":"UNKNOWN"},{"name":"Store","type":"int"},{"name":"Currency","type":["null","string"]},{"name":"Item","type":["null","string"]},{"name":"Quantity","type":"int"},{"name":"GrossPrice","type":"double"},{"name":"NetPrice","type":"double"},{"name":"DiscountValue","type":"double"},{"name":"TaxRate","type":"double"},{"name":"POS","type":["null","string"]},{"name":"PromotionId","type":["null","string"]},{"name":"PromotionCard","type":["null","string"]},{"name":"ReturnOriginId","type":["null","string"]},{"name":"ReturnToWarehouse","type":["null","int"]},{"name":"ClientIdentification","type":["null","long"]}]}